{"cameraMode":{"drawMode":0,"name":"Shaded","section":"Shading Mode"},"sceneLighting":true,"audioPlay":false,"sceneViewState":{"m_AlwaysRefresh":false,"showFog":true,"showSkybox":true,"showFlares":true,"showImageEffects":true,"showParticleSystems":true,"showVisualEffectGraphs":true,"m_FxEnabled":true},"in2DMode":false,"pivot":{"x":-1.952925205230713,"y":0.2869979441165924,"z":-0.022343512624502183},"rotation":{"x":0.08893118053674698,"y":0.9013552665710449,"z":-0.36105796694755556,"w":0.22201019525527955},"size":3.389500141143799,"orthographic":false}